{
    "name": "root",
    "metadata": {
        "timer_format_version": "0.1.0",
        "start_time_seconds": "1750712276",
        "python_version": "3.10.12 | packaged by Anaconda, Inc. | (main, Jul  5 2023, 19:01:18) [MSC v.1916 64 bit (AMD64)]",
        "command_line_arguments": "C:\\Users\\adria\\.conda\\envs\\UnityML\\Scripts\\mlagents-learn configSmallNet.yaml --run-id=playTest1",
        "mlagents_version": "1.0.0",
        "mlagents_envs_version": "1.0.0",
        "communication_protocol_version": "1.5.0",
        "pytorch_version": "2.3.1+cu118",
        "numpy_version": "1.21.2",
        "end_time_seconds": "1750712834"
    },
    "total": 557.7341403,
    "count": 1,
    "self": 0.012699899999461195,
    "children": {
        "run_training.setup": {
            "total": 0.1868131999999605,
            "count": 1,
            "self": 0.1868131999999605
        },
        "TrainerController.start_learning": {
            "total": 557.5346272000006,
            "count": 1,
            "self": 0.8347883999722399,
            "children": {
                "TrainerController._reset_env": {
                    "total": 16.80439739999929,
                    "count": 2,
                    "self": 16.80439739999929
                },
                "TrainerController.advance": {
                    "total": 539.5241507000292,
                    "count": 23950,
                    "self": 0.3601896001109708,
                    "children": {
                        "env_step": {
                            "total": 539.1639610999182,
                            "count": 23950,
                            "self": 237.1186795999638,
                            "children": {
                                "SubprocessEnvManager._take_step": {
                                    "total": 301.6033015999701,
                                    "count": 23950,
                                    "self": 4.76261719989634,
                                    "children": {
                                        "TorchPolicy.evaluate": {
                                            "total": 296.84068440007377,
                                            "count": 47650,
                                            "self": 296.84068440007377
                                        }
                                    }
                                },
                                "workers": {
                                    "total": 0.44197989998428966,
                                    "count": 23949,
                                    "self": 0.0,
                                    "children": {
                                        "worker_root": {
                                            "total": 535.0198667000377,
                                            "count": 23949,
                                            "is_parallel": true,
                                            "self": 346.25386909999816,
                                            "children": {
                                                "steps_from_proto": {
                                                    "total": 0.0011428999996496714,
                                                    "count": 4,
                                                    "is_parallel": true,
                                                    "self": 0.0004824999978154665,
                                                    "children": {
                                                        "_process_rank_one_or_two_observation": {
                                                            "total": 0.0006604000018342049,
                                                            "count": 32,
                                                            "is_parallel": true,
                                                            "self": 0.0006604000018342049
                                                        }
                                                    }
                                                },
                                                "UnityEnvironment.step": {
                                                    "total": 188.7648547000399,
                                                    "count": 23949,
                                                    "is_parallel": true,
                                                    "self": 3.19203590014331,
                                                    "children": {
                                                        "UnityEnvironment._generate_step_input": {
                                                            "total": 2.4699080999880607,
                                                            "count": 23949,
                                                            "is_parallel": true,
                                                            "self": 2.4699080999880607
                                                        },
                                                        "communicator.exchange": {
                                                            "total": 168.31245399996533,
                                                            "count": 23949,
                                                            "is_parallel": true,
                                                            "self": 168.31245399996533
                                                        },
                                                        "steps_from_proto": {
                                                            "total": 14.790456699943206,
                                                            "count": 47898,
                                                            "is_parallel": true,
                                                            "self": 6.131476800074779,
                                                            "children": {
                                                                "_process_rank_one_or_two_observation": {
                                                                    "total": 8.658979899868427,
                                                                    "count": 383184,
                                                                    "is_parallel": true,
                                                                    "self": 8.658979899868427
                                                                }
                                                            }
                                                        }
                                                    }
                                                }
                                            }
                                        }
                                    }
                                }
                            }
                        }
                    }
                },
                "trainer_threads": {
                    "total": 6.010000015521655e-05,
                    "count": 1,
                    "self": 6.010000015521655e-05,
                    "children": {
                        "thread_root": {
                            "total": 0.0,
                            "count": 0,
                            "is_parallel": true,
                            "self": 0.0,
                            "children": {
                                "trainer_advance": {
                                    "total": 539.4988896999967,
                                    "count": 33475,
                                    "is_parallel": true,
                                    "self": 4.595278800017695,
                                    "children": {
                                        "process_trajectory": {
                                            "total": 521.3625476999796,
                                            "count": 33475,