{
    "name": "root",
    "metadata": {
        "timer_format_version": "0.1.0",
        "start_time_seconds": "1750687298",
        "python_version": "3.10.12 | packaged by Anaconda, Inc. | (main, Jul  5 2023, 19:01:18) [MSC v.1916 64 bit (AMD64)]",
        "command_line_arguments": "C:\\Users\\adria\\.conda\\envs\\UnityML\\Scripts\\mlagents-learn config.yaml --run-id=test2",
        "mlagents_version": "1.0.0",
        "mlagents_envs_version": "1.0.0",
        "communication_protocol_version": "1.5.0",
        "pytorch_version": "2.3.1+cu118",
        "numpy_version": "1.21.2",
        "end_time_seconds": "1750687434"
    },
    "total": 135.88849069993012,
    "count": 1,
    "self": 0.01283949997741729,
    "children": {
        "run_training.setup": {
            "total": 0.13922509993426502,
            "count": 1,
            "self": 0.13922509993426502
        },
        "TrainerController.start_learning": {
            "total": 135.73642610001843,
            "count": 1,
            "self": 0.032010097871534526,
            "children": {
                "TrainerController._reset_env": {
                    "total": 16.138032900053076,
                    "count": 1,
                    "self": 16.138032900053076
                },
                "TrainerController.advance": {
                    "total": 119.06029260205105,
                    "count": 946,
                    "self": 0.014828303246758878,
                    "children": {
                        "env_step": {
                            "total": 119.04546429880429,
                            "count": 946,
                            "self": 113.54768439999316,
                            "children": {
                                "SubprocessEnvManager._take_step": {
                                    "total": 5.484320500632748,
                                    "count": 946,
                                    "self": 0.08543600142002106,
                                    "children": {
                                        "TorchPolicy.evaluate": {
                                            "total": 5.398884499212727,
                                            "count": 940,
                                            "self": 5.398884499212727
                                        }
                                    }
                                },
                                "workers": {
                                    "total": 0.013459398178383708,
                                    "count": 945,
                                    "self": 0.0,
                                    "children": {
                                        "worker_root": {
                                            "total": 57.59699759958312,
                                            "count": 945,
                                            "is_parallel": true,
                                            "self": 8.462198501452804,
                                            "children": {
                                                "steps_from_proto": {
                                                    "total": 0.0005104999290779233,
                                                    "count": 1,
                                                    "is_parallel": true,
                                                    "self": 0.0001670998753979802,
                                                    "children": {
                                                        "_process_rank_one_or_two_observation": {
                                                            "total": 0.0003434000536799431,
                                                            "count": 8,
                                                            "is_parallel": true,
                                                            "self": 0.0003434000536799431
                                                        }
                                                    }
                                                },
                                                "UnityEnvironment.step": {
                                                    "total": 49.13428859820124,
                                                    "count": 945,
                                                    "is_parallel": true,
                                                    "self": 0.16401800094172359,
                                                    "children": {
                                                        "UnityEnvironment._generate_step_input": {
                                                            "total": 0.12930609961040318,
                                                            "count": 945,
                                                            "is_parallel": true,
                                                            "self": 0.12930609961040318
                                                        },
                                                        "communicator.exchange": {
                                                            "total": 48.24398949823808,
                                                            "count": 945,
                                                            "is_parallel": true,
                                                            "self": 48.24398949823808
                                                        },
                                                        "steps_from_proto": {
                                                            "total": 0.5969749994110316,
                                                            "count": 945,
                                                            "is_parallel": true,
                                                            "self": 0.2142576960613951,
                                                            "children": {
                                                                "_process_rank_one_or_two_observation": {
                                                                    "total": 0.3827173033496365,
                                                                    "count": 7560,
                                                                    "is_parallel": true,
                                                                    "self": 0.3827173033496365
                                                                }
                                                            }
                                                        }
                                                    }
                                                }
                                            }
                                        }
                                    }
                                }
                            }
                        }
                    }
                },
                "TrainerController._save_models": {
                    "total": 0.5060905000427738,
                    "count": 1,
                    "self": 0.022894200053997338,
                    "children": {
                        "RLTrainer._checkpoint": {
                            "total": 0.48319629998877645,
                            "count": 1,
                            "self": 0.48319629998877645
                        }
                    }
                }
            }
        }
    }
}